Date,GRA Purchases,PRGT 1/2/,RST,Totals,       SDR1 = US$,Total USD,gdp,deflator,,Total adjusted
12/31/2022,"96,930,343,222","15,871,251,001",0,"112,801,594,223",0.751403,"150,121,298,721.19",0,0.032,3.208095529,"46,794,522,589.65"
12/31/2021,"89,474,552,025","14,554,823,681",0,"104,029,375,706",0.714493,"145,598,873,195.40","96,513,077,364,367.90",0.134039044,3.176095529,"45,842,095,065.07"
12/31/2020,"93,408,630,285","12,481,816,684",0,"105,890,446,969",0.694315,"152,510,671,624.55","85,105,603,606,117.10",-0.028976492,3.042056485,"50,134,069,621.16"
12/31/2019,"66,945,509,865","6,590,835,450",0,"73,536,345,315",0.723157,"101,687,939,569.14","87,645,255,635,476.50",0.013745202,3.071032977,"33,111,966,015.59"
12/31/2018,"55,395,611,392","6,426,181,029",0,"61,821,792,421",0.719015,"85,981,227,680.92","86,456,888,252,044.30",0.062115189,3.057287775,"28,123,367,508.66"
12/31/2017,"39,585,385,873","6,522,280,669",0,"46,107,666,542",0.702181,"65,663,506,335.26","81,400,670,239,258.90",0.064596175,2.995172586,"21,923,112,757.29"
12/31/2016,"49,267,630,851","6,482,647,937",0,"55,750,278,788",0.743864,"74,946,870,379.53","76,461,546,747,208.70",0.016940304,2.930576411,"25,574,105,525.84"
12/31/2015,"50,757,840,741","6,575,911,158",0,"57,333,751,899",0.721641,"79,449,133,154.85","75,187,841,840,596.70",-0.05700654,2.913636107,"27,268,035,625.49"
12/31/2014,"69,041,563,463","6,292,755,583",0,"75,334,319,046",0.690224,"109,144,740,035.12","79,733,153,025,706.70",0.027393955,2.970642647,"36,741,120,698.57"
12/31/2013,"83,899,249,061","6,174,392,682",0,"90,073,641,743",0.649351,"138,713,333,379.02","77,607,185,263,724.00",0.027894064,2.943248691,"47,129,328,140.89"
12/31/2012,"90,042,348,252","5,766,292,503",0,"95,808,640,755",0.650652,"147,250,205,570.72","75,501,151,302,966.00",0.022252304,2.915354627,"50,508,505,618.63"
12/31/2011,"87,276,915,790","5,308,609,594",0,"92,585,525,384",0.651353,"142,143,392,882.20","73,857,648,457,527.10",0.108877665,2.893102323,"49,131,823,558.19"
12/31/2010,"55,620,104,510","4,819,344,134",0,"60,439,448,644",0.649336,"93,078,850,770.63","66,605,767,965,978.80",0.095416332,2.784224658,"33,430,797,509.26"
12/31/2009,"37,221,142,436","5,079,705,286",0,"42,300,847,722",0.637881,"66,314,638,188.00","60,804,066,950,819.50",-0.051725825,2.688808327,"24,663,207,685.94"
12/31/2008,"17,514,964,723","3,972,372,030",0,"21,487,336,753",0.649237,"33,096,291,112.49","64,120,766,496,411.30",0.098908657,2.740534152,"12,076,584,082.23"
12/31/2007,"6,036,146,757","3,796,945,581",0,"9,833,092,338",0.632812,"15,538,726,095.59","58,349,496,193,546.30",0.12686815,2.641625495,"5,882,259,285.77"
12/31/2006,"9,822,640,239","3,844,020,520",0,"13,666,660,759",0.664716,"20,560,150,137.80","51,780,233,749,936.70",0.083621248,2.514757345,"8,175,798,821.44"
12/31/2005,"28,432,143,237","6,282,121,668",0,"34,714,264,905",0.69966,"49,615,906,161.56","47,784,439,290,852.30",0.08295842,2.431136097,"20,408,526,789.79"
12/31/2004,"55,373,766,674","6,766,029,353",0,"62,139,796,027",0.643912,"96,503,553,322.50","44,123,983,335,730.90",0.126982626,2.348177677,"41,097,210,951.16"
12/31/2003,"65,032,062,712","6,880,893,268",0,"71,912,955,980",0.672961,"106,860,510,460.49","39,152,319,062,519.40",0.121265898,2.221195051,"48,109,467,206.37"
12/31/2002,"63,601,058,794","6,868,671,012",0,"70,469,729,806",0.735552,"95,805,231,725.29","34,917,961,156,965.60",0.038484519,2.099929153,"45,623,078,082.92"
12/31/2001,"53,477,225,409","6,424,578,684",0,"59,901,804,093",0.795716,"75,280,381,559.50","33,623,959,264,594.40",-0.006373292,2.061444634,"36,518,265,056.93"
12/31/2000,"42,990,531,049","6,331,595,468",0,"49,322,126,517",0.767514,"64,262,184,816.17","33,839,629,115,495.60",0.033413597,2.067817927,"31,077,293,596.89"
12/31/1999,"51,061,861,875","6,434,274,362",0,"57,496,136,237",0.728591,"78,914,145,572.76","32,745,484,688,725.10",0.038004975,2.03440433,"38,789,804,177.13"
12/31/1998,"60,451,017,051","6,288,825,925",0,"66,739,842,976",0.710846,"93,887,906,770.24","31,546,558,511,138.50",-0.002569458,1.996399355,"47,028,620,078.53"
12/31/1997,"46,559,033,783","6,009,867,422",0,"52,568,901,205",0.741152,"70,928,637,047.46","31,627,824,891,077.40",-0.003592585,1.998968813,"35,482,613,129.50"
12/31/1996,"36,127,472,805","5,881,609,752",0,"42,009,082,557",0.695432,"60,407,175,046.59","31,741,860,210,013.20",0.022332149,2.002561398,"30,164,955,301.79"
12/31/1995,"35,929,173,412","5,657,438,528",0,"41,586,611,940",0.672728,"61,817,869,837.44","31,048,480,920,695.10",0.113773459,1.980229249,"31,217,531,944.54"
12/31/1994,"25,611,676,952","4,599,768,498",0,"30,211,445,450",0.685003,"44,104,106,770.34","27,876,836,770,670.10",0.079398839,1.86645579,"23,629,869,515.86"
12/31/1993,"25,196,745,031","3,942,792,899",0,"29,139,537,930",0.728036,"40,024,858,564.69","25,826,261,580,887.00",0.016367968,1.787056951,"22,397,080,602.55"
12/31/1992,"23,967,172,718","3,804,463,796",0,"27,771,636,514",0.727271,"38,186,090,898.72","25,410,345,863,683.70",0.069298976,1.770688983,"21,565,668,089.71"
12/31/1991,"23,378,573,926","3,285,717,796",0,"26,664,291,722",0.699093,"38,141,265,499.73","23,763,555,781,580.70",0.043001721,1.701390007,"22,417,708,662.81"
12/31/1990,"20,731,851,093","2,571,911,617",0,"23,303,762,710",0.702908,"33,153,361,051.52","22,783,812,617,848.40",0.128052938,1.658388286,"19,991,314,060.46"
12/31/1989,"22,315,104,224","2,334,886,562",0,"24,649,990,786",0.760945,"32,393,919,121.62","20,197,467,559,579.10",0.044269576,1.530335348,"21,167,856,554.77"
12/31/1988,"24,750,004,884","1,773,964,293",0,"26,523,969,177",0.743107,"35,693,337,806.00","19,341,239,105,301.30",0.1173283,1.486065772,"24,018,679,714.26"
12/31/1987,"28,751,979,125","1,866,342,930",0,"30,618,322,055",0.704891,"43,436,959,834.92","17,310,256,172,043.50",0.138250524,1.368737472,"31,735,055,654.44"
12/31/1986,"33,334,905,644","2,013,169,931",0,"35,348,075,575",0.817533,"43,237,490,810.77","15,207,773,512,383.70",0.182365215,1.230486947,"35,138,520,489.18"
12/31/1985,"35,194,787,249","2,470,247,948",0,"37,665,035,197",0.910399,"41,372,008,533.62","12,862,162,484,627.70",0.048121732,1.048121732,"39,472,522,379.59"
12/31/1984,"34,936,772,393","2,769,874,900",0,"37,706,647,293",1.02019,"36,960,416,484.18","12,271,630,373,271.30",,1,"36,960,416,484.18"
